group_goal_bucket,historical_players,avg_knockout_goals,smoothed_avg_knockout_goals,knockout_goal_hit_rate,carryover_boost
1,463,0.17062634989200864,0.17161661212314286,0.11447084233261338,0.7891661533851608
2,87,0.3218390804597701,0.31107894365202654,0.22988505747126436,1.4304732526990827
3,27,0.6666666666666666,0.5452610144390966,0.37037037037037035,1.65
4+,7,0.2857142857142857,0.24556809024979856,0.2857142857142857,1.129226493747105
