strategy,matches_evaluated,exact_accuracy,toto_accuracy,scorito_points,points_per_match,market_coverage_rate,notes
model_all,115,0.0782608695652174,0.41739130434782606,5580.0,48.52173913043478,0.991304347826087,Current historical knockout score heuristic on all backtested matches.
common_home_1_0_all,115,0.09565217391304348,0.5043478260869565,7125.0,61.95652173913044,0.991304347826087,Naive common-score baseline: every listed home team wins 1-0.
random_historical_scoreline,115,0.07786434782608696,0.36476869565217396,5334.411,46.38618260869565,,"Mean over random trials. Points p05=4230, p95=6480."
model_market_covered,114,0.07894736842105263,0.41228070175438597,5490.0,48.1578947368421,0.991304347826087,Model restricted to matches with bookmaker odds.
market_favorite_common_score,114,0.11403508771929824,0.5789473684210527,8400.0,73.6842105263158,0.991304347826087,"Lowest average 1X2 odds; exact score set to 1-0, 1-1, or 0-1."
common_home_1_0_market_covered,114,0.09649122807017543,0.5,7035.0,61.71052631578947,0.991304347826087,Naive 1-0 home baseline restricted to matches with bookmaker odds.
